{"cameraMode":{"drawMode":0,"name":"Shaded","section":"Shading Mode"},"sceneLighting":false,"audioPlay":false,"sceneViewState":{"m_AlwaysRefresh":false,"showFog":true,"showSkybox":false,"showFlares":true,"showImageEffects":true,"showParticleSystems":true,"showVisualEffectGraphs":true,"m_FxEnabled":true},"in2DMode":false,"pivot":{"x":0.8537396192550659,"y":-0.27520301938056948,"z":-3.9741153717041017},"rotation":{"x":0.10949713736772537,"y":-0.6803156733512878,"z":0.10386381298303604,"w":0.7172160148620606},"size":3.5660247802734377,"orthographic":false}