{"cameraMode":{"drawMode":0,"name":"Shaded","section":"Shading Mode"},"sceneLighting":false,"audioPlay":false,"sceneViewState":{"m_AlwaysRefresh":false,"showFog":true,"showSkybox":false,"showFlares":true,"showImageEffects":true,"showParticleSystems":true,"showVisualEffectGraphs":true,"m_FxEnabled":true},"in2DMode":false,"pivot":{"x":1.6030526161193848,"y":-0.2019573599100113,"z":0.4324805438518524},"rotation":{"x":0.06293710321187973,"y":0.026045281440019609,"z":-0.00164279923774302,"w":0.9976766109466553},"size":2.9660251140594484,"orthographic":false}