{"cameraMode":{"drawMode":0,"name":"Shaded","section":"Shading Mode"},"sceneLighting":true,"audioPlay":false,"sceneViewState":{"m_AlwaysRefresh":false,"showFog":true,"showSkybox":true,"showFlares":true,"showImageEffects":true,"showParticleSystems":true,"showVisualEffectGraphs":true,"m_FxEnabled":true},"in2DMode":false,"pivot":{"x":382.1190185546875,"y":43.91957092285156,"z":-3.469635009765625},"rotation":{"x":0.1464705765247345,"y":-0.002967666368931532,"z":0.0004394119023345411,"w":0.9892106056213379},"size":70.71067810058594,"orthographic":false}