{"cameraMode":{"drawMode":0,"name":"Shaded","section":"Shading Mode"},"sceneLighting":true,"audioPlay":false,"sceneViewState":{"m_AlwaysRefresh":false,"showFog":true,"showSkybox":true,"showFlares":true,"showImageEffects":true,"showParticleSystems":true,"showVisualEffectGraphs":true,"m_FxEnabled":true},"in2DMode":false,"pivot":{"x":1035.88330078125,"y":527.0772705078125,"z":62.090354919433597},"rotation":{"x":0.007499962113797665,"y":0.001499921316280961,"z":-0.000011253314369241707,"w":0.9999719858169556},"size":203.955078125,"orthographic":false}